{
	"info": {
		"_postman_id": "faf3dded-1e3a-4b54-84b1-8cd0d504cb48",
		"name": "Gali Nukkad",
		"schema": "https://schema.getpostman.com/json/collection/v2.1.0/collection.json"
	},
	"item": [
		{
			"name": "Import Products",
			"request": {
				"method": "POST",
				"header": [
					{
						"key": "Authorization",
						"value": "Bearer eyJhbGciOiJIUzI1NiIsInR5cCI6IkpXVCJ9.eyJ1c2VybmFtZSI6ImFhYWEiLCJpYXQiOjE2MDczMzgwMTV9.i4DAfymZ_YQtHDOJsAeGwHxHT6IxzHzQtfkidDHNp6I",
						"type": "text"
					}
				],
				"body": {
					"mode": "formdata",
					"formdata": [
						{
							"key": "file",
							"type": "file",
							"src": []
						}
					]
				},
				"url": {
					"raw": "http://localhost:8080/import-products",
					"protocol": "http",
					"host": [
						"localhost"
					],
					"port": "8080",
					"path": [
						"import-products"
					]
				}
			},
			"response": []
		},
		{
			"name": "Search Products",
			"request": {
				"method": "POST",
				"header": [],
				"body": {
					"mode": "raw",
					"raw": "{\r\n    \"filter\": \"a\"\r\n}",
					"options": {
						"raw": {
							"language": "json"
						}
					}
				},
				"url": {
					"raw": "http://localhost:8080/getSearchKeywords",
					"protocol": "http",
					"host": [
						"localhost"
					],
					"port": "8080",
					"path": [
						"getSearchKeywords"
					]
				}
			},
			"response": []
		},
		{
			"name": "Export Products",
			"protocolProfileBehavior": {
				"disableBodyPruning": true
			},
			"request": {
				"method": "GET",
				"header": [],
				"body": {
					"mode": "raw",
					"raw": "",
					"options": {
						"raw": {
							"language": "json"
						}
					}
				},
				"url": {
					"raw": "http://localhost:8080/getallproductsExport",
					"protocol": "http",
					"host": [
						"localhost"
					],
					"port": "8080",
					"path": [
						"getallproductsExport"
					]
				}
			},
			"response": []
		},
		{
			"name": "Create Sub Category",
			"request": {
				"method": "POST",
				"header": [
					{
						"key": "Authorization",
						"value": "Bearer eyJhbGciOiJIUzI1NiIsInR5cCI6IkpXVCJ9.eyJ1c2VybmFtZSI6ImFhYWEiLCJpYXQiOjE2MDczMzgwMTV9.i4DAfymZ_YQtHDOJsAeGwHxHT6IxzHzQtfkidDHNp6I",
						"type": "text"
					}
				],
				"body": {
					"mode": "raw",
					"raw": "{\r\n    \"name\": \"df\",\r\n    \"slug\": \"erwer\",\r\n    \"parent_category\": [\"5f4c8710a4138660e98e1813\"]\r\n}",
					"options": {
						"raw": {
							"language": "json"
						}
					}
				},
				"url": {
					"raw": "http://localhost:8080/create-sub-category",
					"protocol": "http",
					"host": [
						"localhost"
					],
					"port": "8080",
					"path": [
						"create-sub-category"
					]
				}
			},
			"response": []
		},
		{
			"name": "Update Sub Category",
			"request": {
				"method": "POST",
				"header": [
					{
						"key": "Authorization",
						"value": "Bearer eyJhbGciOiJIUzI1NiIsInR5cCI6IkpXVCJ9.eyJ1c2VybmFtZSI6ImFhYWEiLCJpYXQiOjE2MDczMzgwMTV9.i4DAfymZ_YQtHDOJsAeGwHxHT6IxzHzQtfkidDHNp6I",
						"type": "text"
					}
				],
				"body": {
					"mode": "raw",
					"raw": "{\r\n    \"_id\": \"5fce478227874b4240b8797f\",\r\n    \"name\": \"xyz1\",\r\n    \"slug\": \"x_y_z1\"\r\n}",
					"options": {
						"raw": {
							"language": "json"
						}
					}
				},
				"url": {
					"raw": "http://localhost:8080/update-sub-category",
					"protocol": "http",
					"host": [
						"localhost"
					],
					"port": "8080",
					"path": [
						"update-sub-category"
					]
				}
			},
			"response": []
		},
		{
			"name": "Get One Sub Category",
			"request": {
				"method": "POST",
				"header": [
					{
						"key": "Authorization",
						"value": "Bearer eyJhbGciOiJIUzI1NiIsInR5cCI6IkpXVCJ9.eyJ1c2VybmFtZSI6ImFhYWEiLCJpYXQiOjE2MDczMzgwMTV9.i4DAfymZ_YQtHDOJsAeGwHxHT6IxzHzQtfkidDHNp6I",
						"type": "text"
					}
				],
				"body": {
					"mode": "raw",
					"raw": "{\r\n    \"_id\": \"5fd0d2f2a4c28c383cf01fdf\"\r\n}",
					"options": {
						"raw": {
							"language": "json"
						}
					}
				},
				"url": {
					"raw": "http://localhost:8080/get-sub-category",
					"protocol": "http",
					"host": [
						"localhost"
					],
					"port": "8080",
					"path": [
						"get-sub-category"
					]
				}
			},
			"response": []
		},
		{
			"name": "Get All Sub Category",
			"protocolProfileBehavior": {
				"disableBodyPruning": true
			},
			"request": {
				"method": "GET",
				"header": [
					{
						"key": "Authorization",
						"value": "Bearer eyJhbGciOiJIUzI1NiIsInR5cCI6IkpXVCJ9.eyJ1c2VybmFtZSI6ImFhYWEiLCJpYXQiOjE2MDczMzgwMTV9.i4DAfymZ_YQtHDOJsAeGwHxHT6IxzHzQtfkidDHNp6I",
						"type": "text"
					}
				],
				"body": {
					"mode": "raw",
					"raw": "{\r\n    \"_id\": \"5fce478227874b4240b8797f\",\r\n    \"name\": \"xyz1\",\r\n    \"slug\": \"x_y_z1\"\r\n}",
					"options": {
						"raw": {
							"language": "json"
						}
					}
				},
				"url": {
					"raw": "http://localhost:8080/getAll-sub-category",
					"protocol": "http",
					"host": [
						"localhost"
					],
					"port": "8080",
					"path": [
						"getAll-sub-category"
					]
				}
			},
			"response": []
		},
		{
			"name": "Delete Sub Category",
			"request": {
				"method": "POST",
				"header": [
					{
						"key": "Authorization",
						"value": "Bearer eyJhbGciOiJIUzI1NiIsInR5cCI6IkpXVCJ9.eyJ1c2VybmFtZSI6ImFhYWEiLCJpYXQiOjE2MDczMzgwMTV9.i4DAfymZ_YQtHDOJsAeGwHxHT6IxzHzQtfkidDHNp6I",
						"type": "text"
					}
				],
				"body": {
					"mode": "raw",
					"raw": "{\r\n    \"_id\": \"5fce478227874b4240b8797f\"\r\n}",
					"options": {
						"raw": {
							"language": "json"
						}
					}
				},
				"url": {
					"raw": "http://localhost:8080/delete-sub-category",
					"protocol": "http",
					"host": [
						"localhost"
					],
					"port": "8080",
					"path": [
						"delete-sub-category"
					]
				}
			},
			"response": []
		},
		{
			"name": "Create Sub2 Category",
			"request": {
				"method": "POST",
				"header": [
					{
						"key": "Authorization",
						"value": "Bearer eyJhbGciOiJIUzI1NiIsInR5cCI6IkpXVCJ9.eyJ1c2VybmFtZSI6ImFhYWEiLCJpYXQiOjE2MDczMzgwMTV9.i4DAfymZ_YQtHDOJsAeGwHxHT6IxzHzQtfkidDHNp6I",
						"type": "text"
					}
				],
				"body": {
					"mode": "raw",
					"raw": "{\r\n    \"name\": \"pqr\",\r\n    \"slug\": \"p_q_r\"\r\n}",
					"options": {
						"raw": {
							"language": "json"
						}
					}
				},
				"url": {
					"raw": "http://localhost:8080/create-sub2-category",
					"protocol": "http",
					"host": [
						"localhost"
					],
					"port": "8080",
					"path": [
						"create-sub2-category"
					]
				}
			},
			"response": []
		},
		{
			"name": "Update Sub2 Category",
			"request": {
				"method": "POST",
				"header": [
					{
						"key": "Authorization",
						"value": "Bearer eyJhbGciOiJIUzI1NiIsInR5cCI6IkpXVCJ9.eyJ1c2VybmFtZSI6ImFhYWEiLCJpYXQiOjE2MDczMzgwMTV9.i4DAfymZ_YQtHDOJsAeGwHxHT6IxzHzQtfkidDHNp6I",
						"type": "text"
					}
				],
				"body": {
					"mode": "raw",
					"raw": "{\r\n    \"_id\": \"5fce478227874b4240b8797f\",\r\n    \"name\": \"xyz11\",\r\n    \"slug\": \"x_y_z11\"\r\n}",
					"options": {
						"raw": {
							"language": "json"
						}
					}
				},
				"url": {
					"raw": "http://localhost:8080/update-sub2-category",
					"protocol": "http",
					"host": [
						"localhost"
					],
					"port": "8080",
					"path": [
						"update-sub2-category"
					]
				}
			},
			"response": []
		},
		{
			"name": "Get One Sub2 Category",
			"request": {
				"method": "POST",
				"header": [
					{
						"key": "Authorization",
						"value": "Bearer eyJhbGciOiJIUzI1NiIsInR5cCI6IkpXVCJ9.eyJ1c2VybmFtZSI6ImFhYWEiLCJpYXQiOjE2MDczMzgwMTV9.i4DAfymZ_YQtHDOJsAeGwHxHT6IxzHzQtfkidDHNp6I",
						"type": "text"
					}
				],
				"body": {
					"mode": "raw",
					"raw": "{\r\n    \"_id\": \"5fce478227874b4240b8797f\"\r\n}",
					"options": {
						"raw": {
							"language": "json"
						}
					}
				},
				"url": {
					"raw": "http://localhost:8080/get-sub2-category",
					"protocol": "http",
					"host": [
						"localhost"
					],
					"port": "8080",
					"path": [
						"get-sub2-category"
					]
				}
			},
			"response": []
		},
		{
			"name": "Get All Sub2 Category",
			"protocolProfileBehavior": {
				"disableBodyPruning": true
			},
			"request": {
				"method": "GET",
				"header": [
					{
						"key": "Authorization",
						"value": "Bearer eyJhbGciOiJIUzI1NiIsInR5cCI6IkpXVCJ9.eyJ1c2VybmFtZSI6ImFhYWEiLCJpYXQiOjE2MDczMzgwMTV9.i4DAfymZ_YQtHDOJsAeGwHxHT6IxzHzQtfkidDHNp6I",
						"type": "text"
					}
				],
				"body": {
					"mode": "raw",
					"raw": "",
					"options": {
						"raw": {
							"language": "json"
						}
					}
				},
				"url": {
					"raw": "http://localhost:8080/getAll-sub2-category",
					"protocol": "http",
					"host": [
						"localhost"
					],
					"port": "8080",
					"path": [
						"getAll-sub2-category"
					]
				}
			},
			"response": []
		},
		{
			"name": "Delete Sub2 Category",
			"request": {
				"method": "POST",
				"header": [
					{
						"key": "Authorization",
						"value": "Bearer eyJhbGciOiJIUzI1NiIsInR5cCI6IkpXVCJ9.eyJ1c2VybmFtZSI6ImFhYWEiLCJpYXQiOjE2MDczMzgwMTV9.i4DAfymZ_YQtHDOJsAeGwHxHT6IxzHzQtfkidDHNp6I",
						"type": "text"
					}
				],
				"body": {
					"mode": "raw",
					"raw": "{\r\n    \"_id\": \"5fce478227874b4240b8797f\"\r\n}",
					"options": {
						"raw": {
							"language": "json"
						}
					}
				},
				"url": {
					"raw": "http://localhost:8080/delete-sub2-category",
					"protocol": "http",
					"host": [
						"localhost"
					],
					"port": "8080",
					"path": [
						"delete-sub2-category"
					]
				}
			},
			"response": []
		},
		{
			"name": "Create Product",
			"request": {
				"method": "POST",
				"header": [
					{
						"key": "Authorization",
						"value": "Bearer eyJhbGciOiJIUzI1NiIsInR5cCI6IkpXVCJ9.eyJ1c2VybmFtZSI6ImFhYWEiLCJpYXQiOjE2MDczMzgwMTV9.i4DAfymZ_YQtHDOJsAeGwHxHT6IxzHzQtfkidDHNp6I",
						"type": "text"
					}
				],
				"body": {
					"mode": "raw",
					"raw": "{\r\n    \"title\": \"shoessss\",\r\n    \"price\": 20,\r\n    \"sale_price\": 15,\r\n    \"vendor\": \"AAA\",\r\n    \"sub_category\": [\"5fce478227874b4240b8797f\", \"5fce475f27874b4240b8797e\"],\r\n    \"sub2_category\": [\"5fce4a597012322760d95e08\"]\r\n}",
					"options": {
						"raw": {
							"language": "json"
						}
					}
				},
				"url": {
					"raw": "http://localhost:8080/create-products",
					"protocol": "http",
					"host": [
						"localhost"
					],
					"port": "8080",
					"path": [
						"create-products"
					]
				}
			},
			"response": []
		},
		{
			"name": "Search Product by Category sub category and Sub2 category",
			"request": {
				"method": "POST",
				"header": [
					{
						"key": "Authorization",
						"value": "Bearer eyJhbGciOiJIUzI1NiIsInR5cCI6IkpXVCJ9.eyJ1c2VybmFtZSI6ImFhYWEiLCJpYXQiOjE2MDczMzgwMTV9.i4DAfymZ_YQtHDOJsAeGwHxHT6IxzHzQtfkidDHNp6I",
						"type": "text"
					}
				],
				"body": {
					"mode": "raw",
					"raw": "{\r\n    \"filter\": \"pqr\"\r\n}",
					"options": {
						"raw": {
							"language": "json"
						}
					}
				},
				"url": {
					"raw": "http://localhost:8080/search-product-category-wise",
					"protocol": "http",
					"host": [
						"localhost"
					],
					"port": "8080",
					"path": [
						"search-product-category-wise"
					]
				}
			},
			"response": []
		},
		{
			"name": "Create Coupon Code",
			"request": {
				"method": "POST",
				"header": [
					{
						"key": "Authorization",
						"value": "Bearer eyJhbGciOiJIUzI1NiIsInR5cCI6IkpXVCJ9.eyJ1c2VybmFtZSI6ImFhYWEiLCJpYXQiOjE2MDczMzgwMTV9.i4DAfymZ_YQtHDOJsAeGwHxHT6IxzHzQtfkidDHNp6I",
						"type": "text"
					}
				],
				"body": {
					"mode": "raw",
					"raw": "{\r\n    \"code\": \"ABC10\",\r\n    \"expireDate\": \"10-12-2020\",\r\n    \"isPercent\": false,\r\n    \"amount\": 80\r\n}",
					"options": {
						"raw": {
							"language": "json"
						}
					}
				},
				"url": {
					"raw": "http://localhost:8080/create-coupon-codes",
					"protocol": "http",
					"host": [
						"localhost"
					],
					"port": "8080",
					"path": [
						"create-coupon-codes"
					]
				}
			},
			"response": []
		},
		{
			"name": "Update Coupon Code",
			"request": {
				"method": "PUT",
				"header": [
					{
						"key": "Authorization",
						"value": "Bearer eyJhbGciOiJIUzI1NiIsInR5cCI6IkpXVCJ9.eyJ1c2VybmFtZSI6ImFhYWEiLCJpYXQiOjE2MDczMzgwMTV9.i4DAfymZ_YQtHDOJsAeGwHxHT6IxzHzQtfkidDHNp6I",
						"type": "text"
					}
				],
				"body": {
					"mode": "raw",
					"raw": "{\r\n    \"_id\": \"5fd0a1062e34c238906da6a9\",\r\n    \"code\": \"H123zz\",\r\n    \"codeDescription\": \"TEST\"\r\n}",
					"options": {
						"raw": {
							"language": "json"
						}
					}
				},
				"url": {
					"raw": "http://localhost:8080/update-coupon-codes",
					"protocol": "http",
					"host": [
						"localhost"
					],
					"port": "8080",
					"path": [
						"update-coupon-codes"
					]
				}
			},
			"response": []
		},
		{
			"name": "Get Coupon Code",
			"protocolProfileBehavior": {
				"disableBodyPruning": true
			},
			"request": {
				"method": "GET",
				"header": [
					{
						"key": "Authorization",
						"value": "Bearer eyJhbGciOiJIUzI1NiIsInR5cCI6IkpXVCJ9.eyJ1c2VybmFtZSI6ImFhYWEiLCJpYXQiOjE2MDczMzgwMTV9.i4DAfymZ_YQtHDOJsAeGwHxHT6IxzHzQtfkidDHNp6I",
						"type": "text"
					}
				],
				"body": {
					"mode": "raw",
					"raw": "",
					"options": {
						"raw": {
							"language": "json"
						}
					}
				},
				"url": {
					"raw": "http://localhost:8080/get-coupon-codes?_id=5fd0a1062e34c238906da6a9",
					"protocol": "http",
					"host": [
						"localhost"
					],
					"port": "8080",
					"path": [
						"get-coupon-codes"
					],
					"query": [
						{
							"key": "_id",
							"value": "5fd0a1062e34c238906da6a9"
						}
					]
				}
			},
			"response": []
		},
		{
			"name": "Get All Coupon Code",
			"protocolProfileBehavior": {
				"disableBodyPruning": true
			},
			"request": {
				"method": "GET",
				"header": [
					{
						"key": "Authorization",
						"value": "Bearer eyJhbGciOiJIUzI1NiIsInR5cCI6IkpXVCJ9.eyJ1c2VybmFtZSI6ImFhYWEiLCJpYXQiOjE2MDczMzgwMTV9.i4DAfymZ_YQtHDOJsAeGwHxHT6IxzHzQtfkidDHNp6I",
						"type": "text"
					}
				],
				"body": {
					"mode": "raw",
					"raw": "",
					"options": {
						"raw": {
							"language": "json"
						}
					}
				},
				"url": {
					"raw": "http://localhost:8080/getAll-coupon-codes",
					"protocol": "http",
					"host": [
						"localhost"
					],
					"port": "8080",
					"path": [
						"getAll-coupon-codes"
					]
				}
			},
			"response": []
		},
		{
			"name": "Delete Coupon Code",
			"request": {
				"method": "DELETE",
				"header": [
					{
						"key": "Authorization",
						"value": "Bearer eyJhbGciOiJIUzI1NiIsInR5cCI6IkpXVCJ9.eyJ1c2VybmFtZSI6ImFhYWEiLCJpYXQiOjE2MDczMzgwMTV9.i4DAfymZ_YQtHDOJsAeGwHxHT6IxzHzQtfkidDHNp6I",
						"type": "text"
					}
				],
				"body": {
					"mode": "raw",
					"raw": "",
					"options": {
						"raw": {
							"language": "json"
						}
					}
				},
				"url": {
					"raw": "http://localhost:8080/delete-coupon-codes?_id=5fd0a1062e34c238906da6a1",
					"protocol": "http",
					"host": [
						"localhost"
					],
					"port": "8080",
					"path": [
						"delete-coupon-codes"
					],
					"query": [
						{
							"key": "_id",
							"value": "5fd0a1062e34c238906da6a1"
						}
					]
				}
			},
			"response": []
		},
		{
			"name": "Get One Category",
			"request": {
				"method": "POST",
				"header": [
					{
						"key": "Authorization",
						"value": "Bearer eyJhbGciOiJIUzI1NiIsInR5cCI6IkpXVCJ9.eyJ1c2VybmFtZSI6ImFhYWEiLCJpYXQiOjE2MDczMzgwMTV9.i4DAfymZ_YQtHDOJsAeGwHxHT6IxzHzQtfkidDHNp6I",
						"type": "text"
					}
				],
				"body": {
					"mode": "raw",
					"raw": "{\r\n    \"_id\": \"5f4c8710a4138660e98e1813\"\r\n}",
					"options": {
						"raw": {
							"language": "json"
						}
					}
				},
				"url": {
					"raw": "http://localhost:8080/getcat",
					"protocol": "http",
					"host": [
						"localhost"
					],
					"port": "8080",
					"path": [
						"getcat"
					]
				}
			},
			"response": []
		},
		{
			"name": "Get All Category",
			"request": {
				"method": "POST",
				"header": [
					{
						"key": "Authorization",
						"value": "Bearer eyJhbGciOiJIUzI1NiIsInR5cCI6IkpXVCJ9.eyJ1c2VybmFtZSI6ImFhYWEiLCJpYXQiOjE2MDczMzgwMTV9.i4DAfymZ_YQtHDOJsAeGwHxHT6IxzHzQtfkidDHNp6I",
						"type": "text"
					}
				],
				"body": {
					"mode": "raw",
					"raw": "{\r\n    \"_id\": \"5f4c8710a4138660e98e1813\"\r\n}",
					"options": {
						"raw": {
							"language": "json"
						}
					}
				},
				"url": {
					"raw": "http://localhost:8080/getallcategries",
					"protocol": "http",
					"host": [
						"localhost"
					],
					"port": "8080",
					"path": [
						"getallcategries"
					]
				}
			},
			"response": []
		},
		{
			"name": "Get One Product By Id",
			"request": {
				"method": "POST",
				"header": [
					{
						"key": "Authorization",
						"value": "Bearer eyJhbGciOiJIUzI1NiIsInR5cCI6IkpXVCJ9.eyJ1c2VybmFtZSI6ImFhYWEiLCJpYXQiOjE2MDczMzgwMTV9.i4DAfymZ_YQtHDOJsAeGwHxHT6IxzHzQtfkidDHNp6I",
						"type": "text"
					}
				],
				"body": {
					"mode": "raw",
					"raw": "{\r\n    \"_id\": \"5f992f4fc96b1a4afe27115d\"\r\n}",
					"options": {
						"raw": {
							"language": "json"
						}
					}
				},
				"url": {
					"raw": "http://localhost:8080/get-products",
					"protocol": "http",
					"host": [
						"localhost"
					],
					"port": "8080",
					"path": [
						"get-products"
					]
				}
			},
			"response": []
		},
		{
			"name": "Get All Products",
			"request": {
				"method": "POST",
				"header": [
					{
						"key": "Authorization",
						"value": "Bearer eyJhbGciOiJIUzI1NiIsInR5cCI6IkpXVCJ9.eyJ1c2VybmFtZSI6ImFhYWEiLCJpYXQiOjE2MDczMzgwMTV9.i4DAfymZ_YQtHDOJsAeGwHxHT6IxzHzQtfkidDHNp6I",
						"type": "text"
					}
				],
				"body": {
					"mode": "raw",
					"raw": "{\r\n    \"_id\": \"5fa6b7bc31aeea2b1ae5d499\"\r\n}",
					"options": {
						"raw": {
							"language": "json"
						}
					}
				},
				"url": {
					"raw": "http://localhost:8080/get-all-products",
					"protocol": "http",
					"host": [
						"localhost"
					],
					"port": "8080",
					"path": [
						"get-all-products"
					]
				}
			},
			"response": []
		},
		{
			"name": "Create Home Page Banner",
			"request": {
				"method": "POST",
				"header": [
					{
						"key": "Authorization",
						"value": "Bearer eyJhbGciOiJIUzI1NiIsInR5cCI6IkpXVCJ9.eyJ1c2VybmFtZSI6ImFhYWEiLCJpYXQiOjE2MDczMzgwMTV9.i4DAfymZ_YQtHDOJsAeGwHxHT6IxzHzQtfkidDHNp6I",
						"type": "text"
					}
				],
				"body": {
					"mode": "formdata",
					"formdata": [
						{
							"key": "image",
							"type": "file",
							"src": "/C:/Users/hp/Pictures/Screenshots/Screenshot (69).png"
						},
						{
							"key": "title",
							"value": "abc",
							"type": "text"
						},
						{
							"key": "description",
							"value": "abc desc",
							"type": "text"
						},
						{
							"key": "isActive",
							"value": "true",
							"type": "text"
						}
					],
					"options": {
						"raw": {
							"language": "json"
						}
					}
				},
				"url": {
					"raw": "http://localhost:8080/create-home-page-banner",
					"protocol": "http",
					"host": [
						"localhost"
					],
					"port": "8080",
					"path": [
						"create-home-page-banner"
					]
				}
			},
			"response": []
		},
		{
			"name": "Update Home Page Banner",
			"request": {
				"method": "PUT",
				"header": [
					{
						"key": "Authorization",
						"value": "Bearer eyJhbGciOiJIUzI1NiIsInR5cCI6IkpXVCJ9.eyJ1c2VybmFtZSI6ImFhYWEiLCJpYXQiOjE2MDczMzgwMTV9.i4DAfymZ_YQtHDOJsAeGwHxHT6IxzHzQtfkidDHNp6I",
						"type": "text"
					}
				],
				"body": {
					"mode": "formdata",
					"formdata": [
						{
							"key": "image",
							"type": "file",
							"src": []
						},
						{
							"key": "title",
							"value": "abc2",
							"type": "text"
						},
						{
							"key": "description",
							"value": "abc2 desc2",
							"type": "text"
						},
						{
							"key": "isActive",
							"value": "false",
							"type": "text"
						},
						{
							"key": "_id",
							"value": "5fd24d17f67aa42a04596d0e",
							"type": "text"
						}
					],
					"options": {
						"raw": {
							"language": "json"
						}
					}
				},
				"url": {
					"raw": "http://localhost:8080/update-home-page-banner",
					"protocol": "http",
					"host": [
						"localhost"
					],
					"port": "8080",
					"path": [
						"update-home-page-banner"
					]
				}
			},
			"response": []
		},
		{
			"name": "Get One Home Page Banner",
			"protocolProfileBehavior": {
				"disableBodyPruning": true
			},
			"request": {
				"method": "GET",
				"header": [
					{
						"key": "Authorization",
						"value": "Bearer eyJhbGciOiJIUzI1NiIsInR5cCI6IkpXVCJ9.eyJ1c2VybmFtZSI6ImFhYWEiLCJpYXQiOjE2MDczMzgwMTV9.i4DAfymZ_YQtHDOJsAeGwHxHT6IxzHzQtfkidDHNp6I",
						"type": "text"
					}
				],
				"body": {
					"mode": "formdata",
					"formdata": [
						{
							"key": "image",
							"type": "file",
							"src": "/C:/Users/hp/Pictures/Screenshots/Screenshot (69).png"
						},
						{
							"key": "_id",
							"value": "5fd1fe9233f4592fe4805481",
							"type": "text"
						},
						{
							"key": "title",
							"value": "d",
							"type": "text"
						},
						{
							"key": "description",
							"value": "d",
							"type": "text"
						},
						{
							"key": "isActive",
							"value": "0",
							"type": "text"
						}
					],
					"options": {
						"raw": {
							"language": "json"
						}
					}
				},
				"url": {
					"raw": "http://localhost:8080/get-home-page-banner?_id=5fd24d17f67aa42a04596d1e",
					"protocol": "http",
					"host": [
						"localhost"
					],
					"port": "8080",
					"path": [
						"get-home-page-banner"
					],
					"query": [
						{
							"key": "_id",
							"value": "5fd24d17f67aa42a04596d1e"
						}
					]
				}
			},
			"response": []
		},
		{
			"name": "Get All Home Page Banner",
			"protocolProfileBehavior": {
				"disableBodyPruning": true
			},
			"request": {
				"method": "GET",
				"header": [
					{
						"key": "Authorization",
						"value": "Bearer eyJhbGciOiJIUzI1NiIsInR5cCI6IkpXVCJ9.eyJ1c2VybmFtZSI6ImFhYWEiLCJpYXQiOjE2MDczMzgwMTV9.i4DAfymZ_YQtHDOJsAeGwHxHT6IxzHzQtfkidDHNp6I",
						"type": "text"
					}
				],
				"body": {
					"mode": "formdata",
					"formdata": [
						{
							"key": "image",
							"type": "file",
							"src": "/C:/Users/hp/Pictures/Screenshots/Screenshot (69).png",
							"disabled": true
						},
						{
							"key": "_id",
							"value": "5fd1fe9233f4592fe4805481",
							"type": "text",
							"disabled": true
						},
						{
							"key": "title",
							"value": "d",
							"type": "text",
							"disabled": true
						},
						{
							"key": "description",
							"value": "d",
							"type": "text",
							"disabled": true
						},
						{
							"key": "isActive",
							"value": "0",
							"type": "text",
							"disabled": true
						}
					],
					"options": {
						"raw": {
							"language": "json"
						}
					}
				},
				"url": {
					"raw": "http://localhost:8080/getAll-home-page-banner",
					"protocol": "http",
					"host": [
						"localhost"
					],
					"port": "8080",
					"path": [
						"getAll-home-page-banner"
					]
				}
			},
			"response": []
		},
		{
			"name": "Delete Home Page Banner",
			"request": {
				"method": "DELETE",
				"header": [
					{
						"key": "Authorization",
						"value": "Bearer eyJhbGciOiJIUzI1NiIsInR5cCI6IkpXVCJ9.eyJ1c2VybmFtZSI6ImFhYWEiLCJpYXQiOjE2MDczMzgwMTV9.i4DAfymZ_YQtHDOJsAeGwHxHT6IxzHzQtfkidDHNp6I",
						"type": "text"
					}
				],
				"body": {
					"mode": "raw",
					"raw": "",
					"options": {
						"raw": {
							"language": "json"
						}
					}
				},
				"url": {
					"raw": "http://localhost:8080/delete-home-page-banner?_id=5fd1fe9233f4592fe4805481",
					"protocol": "http",
					"host": [
						"localhost"
					],
					"port": "8080",
					"path": [
						"delete-home-page-banner"
					],
					"query": [
						{
							"key": "_id",
							"value": "5fd1fe9233f4592fe4805481"
						}
					]
				}
			},
			"response": []
		},
		{
			"name": "SignUp",
			"request": {
				"method": "POST",
				"header": [
					{
						"key": "Authorization",
						"value": "Bearer eyJhbGciOiJIUzI1NiIsInR5cCI6IkpXVCJ9.eyJ1c2VybmFtZSI6ImFhYWEiLCJpYXQiOjE2MDczMzgwMTV9.i4DAfymZ_YQtHDOJsAeGwHxHT6IxzHzQtfkidDHNp6I",
						"type": "text"
					}
				],
				"body": {
					"mode": "raw",
					"raw": "{\r\n    \"username\": \"abhipanchal\",\r\n    \"email\": \"abhipanchal098@gmail.com\",\r\n    \"password\": \"123456\",\r\n    \"roleType\": \"CUSTOMER\",\r\n    \"mobile_number\": \"\",\r\n    \"gstin\": \"\",\r\n    \"fssai\": \"\",\r\n    \"ip_address\": \"\",\r\n    \"name\": \"\",\r\n    \"gender\": \"\",\r\n    \"dob\": \"\",\r\n    \"photo\": \"\"\r\n}",
					"options": {
						"raw": {
							"language": "json"
						}
					}
				},
				"url": {
					"raw": "http://localhost:8080/signup",
					"protocol": "http",
					"host": [
						"localhost"
					],
					"port": "8080",
					"path": [
						"signup"
					]
				}
			},
			"response": [] 
		},
		{
			"name": "1 Create Bussiness",
			"request": {
				"method": "POST",
				"header": [
					{
						"key": "Authorization",
						"value": "Bearer eyJhbGciOiJIUzI1NiIsInR5cCI6IkpXVCJ9.eyJ1c2VybmFtZSI6ImFhYWEiLCJpYXQiOjE2MDczMzgwMTV9.i4DAfymZ_YQtHDOJsAeGwHxHT6IxzHzQtfkidDHNp6I",
						"type": "text"
					}
				],
				"body": {
					"mode": "formdata",
					"formdata": [
						{
							"key": "images",
							"type": "file",
							"src": [
								"/C:/Users/hp/Pictures/Screenshots/Screenshot (69).png",
								"/C:/Users/hp/Pictures/Screenshots/Screenshot (70).png",
								"/C:/Users/hp/Pictures/Screenshots/Screenshot (71).png"
							]
						},
						{
							"key": "storeName",
							"value": "test1",
							"type": "text"
						},
						{
							"key": "bemail",
							"value": "test1",
							"type": "text"
						},
						{
							"key": "address",
							"value": "test1",
							"type": "text"
						},
						{
							"key": "phone",
							"value": "1234567895",
							"type": "text"
						},
						{
							"key": "gstno",
							"value": "123",
							"type": "text"
						},
						{
							"key": "",
							"value": "",
							"type": "text",
							"disabled": true
						},
						{
							"key": "panNumber",
							"value": "123",
							"type": "text"
						},
						{
							"key": "idno",
							"value": "321",
							"type": "text"
						},
						{
							"key": "acNumber",
							"value": "7896541239",
							"type": "text"
						},
						{
							"key": "ifsc",
							"value": "65289",
							"type": "text"
						},
						{
							"key": "branch",
							"value": "test",
							"type": "text"
						},
						{
							"key": "typeSeller",
							"value": "Seller",
							"type": "text"
						}
					]
				},
				"url": {
					"raw": "http://localhost:8080/createbussiness",
					"protocol": "http",
					"host": [
						"localhost"
					],
					"port": "8080",
					"path": [
						"createbussiness"
					]
				}
			},
			"response": []
		},
		{
			"name": "2 Update Bussiness",
			"request": {
				"method": "PUT",
				"header": [
					{
						"key": "Authorization",
						"value": "Bearer eyJhbGciOiJIUzI1NiIsInR5cCI6IkpXVCJ9.eyJ1c2VybmFtZSI6ImFhYWEiLCJpYXQiOjE2MDczMzgwMTV9.i4DAfymZ_YQtHDOJsAeGwHxHT6IxzHzQtfkidDHNp6I",
						"type": "text"
					}
				],
				"body": {
					"mode": "formdata",
					"formdata": [
						{
							"key": "bussiness_id",
							"value": "5fd349f4e73a2918d8992c88",
							"type": "text"
						},
						{
							"key": "storeName",
							"value": "test1",
							"type": "text"
						},
						{
							"key": "bemail",
							"value": "test",
							"type": "text"
						},
						{
							"key": "address",
							"value": "test",
							"type": "text"
						},
						{
							"key": "phone",
							"value": "1234567895",
							"type": "text"
						},
						{
							"key": "gstno",
							"value": "123",
							"type": "text"
						},
						{
							"key": "",
							"value": "",
							"type": "text",
							"disabled": true
						},
						{
							"key": "panNumber",
							"value": "123",
							"type": "text"
						},
						{
							"key": "idno",
							"value": "321",
							"type": "text"
						},
						{
							"key": "acNumber",
							"value": "7896541239",
							"type": "text"
						},
						{
							"key": "ifsc",
							"value": "65289",
							"type": "text"
						},
						{
							"key": "branch",
							"value": "test",
							"type": "text"
						},
						{
							"key": "typeSeller",
							"value": "Seller",
							"type": "text"
						},
						{
							"key": "images",
							"type": "file",
							"src": []
						}
					]
				},
				"url": {
					"raw": "http://localhost:8080/updatebussiness",
					"protocol": "http",
					"host": [
						"localhost"
					],
					"port": "8080",
					"path": [
						"updatebussiness"
					]
				}
			},
			"response": []
		},
		{
			"name": "3 Approved Bussiness & verify vendor",
			"request": {
				"method": "PUT",
				"header": [
					{
						"key": "Authorization",
						"value": "Bearer eyJhbGciOiJIUzI1NiIsInR5cCI6IkpXVCJ9.eyJ1c2VybmFtZSI6ImFhYWEiLCJpYXQiOjE2MDczMzgwMTV9.i4DAfymZ_YQtHDOJsAeGwHxHT6IxzHzQtfkidDHNp6I",
						"type": "text"
					}
				],
				"body": {
					"mode": "raw",
					"raw": "{\r\n    \"user_id\": \"5f4c88d7a4138660e98e1815\",\r\n    \"isBussinessVerified\": true\r\n}",
					"options": {
						"raw": {
							"language": "json"
						}
					}
				},
				"url": {
					"raw": "http://localhost:8080/approvebussiness",
					"protocol": "http",
					"host": [
						"localhost"
					],
					"port": "8080",
					"path": [
						"approvebussiness"
					]
				}
			},
			"response": []
		},
		{
			"name": "4 Get Bussiness By Bussness Id",
			"protocolProfileBehavior": {
				"disableBodyPruning": true
			},
			"request": {
				"method": "GET",
				"header": [
					{
						"key": "Authorization",
						"value": "Bearer eyJhbGciOiJIUzI1NiIsInR5cCI6IkpXVCJ9.eyJ1c2VybmFtZSI6ImFhYWEiLCJpYXQiOjE2MDczMzgwMTV9.i4DAfymZ_YQtHDOJsAeGwHxHT6IxzHzQtfkidDHNp6I",
						"type": "text"
					}
				],
				"body": {
					"mode": "formdata",
					"formdata": [
						{
							"key": "image",
							"type": "file",
							"src": "/C:/Users/hp/Pictures/Screenshots/Screenshot (69).png",
							"disabled": true
						},
						{
							"key": "_id",
							"value": "5fd1fe9233f4592fe4805481",
							"type": "text",
							"disabled": true
						},
						{
							"key": "title",
							"value": "d",
							"type": "text",
							"disabled": true
						},
						{
							"key": "description",
							"value": "d",
							"type": "text",
							"disabled": true
						},
						{
							"key": "isActive",
							"value": "0",
							"type": "text",
							"disabled": true
						}
					],
					"options": {
						"raw": {
							"language": "json"
						}
					}
				},
				"url": {
					"raw": "http://localhost:8080/getbussiness-by-bussness-id?bussiness_id=5f4c8d63a4138660e98e1817",
					"protocol": "http",
					"host": [
						"localhost"
					],
					"port": "8080",
					"path": [
						"getbussiness-by-bussness-id"
					],
					"query": [
						{
							"key": "bussiness_id",
							"value": "5f4c8d63a4138660e98e1817"
						}
					]
				}
			},
			"response": []
		},
		{
			"name": "5 Get Bussiness By User Id",
			"protocolProfileBehavior": {
				"disableBodyPruning": true
			},
			"request": {
				"method": "GET",
				"header": [
					{
						"key": "Authorization",
						"value": "Bearer eyJhbGciOiJIUzI1NiIsInR5cCI6IkpXVCJ9.eyJ1c2VybmFtZSI6ImFhYWEiLCJpYXQiOjE2MDczMzgwMTV9.i4DAfymZ_YQtHDOJsAeGwHxHT6IxzHzQtfkidDHNp6I",
						"type": "text"
					}
				],
				"body": {
					"mode": "formdata",
					"formdata": [
						{
							"key": "image",
							"type": "file",
							"src": "/C:/Users/hp/Pictures/Screenshots/Screenshot (69).png",
							"disabled": true
						},
						{
							"key": "_id",
							"value": "5fd1fe9233f4592fe4805481",
							"type": "text",
							"disabled": true
						},
						{
							"key": "title",
							"value": "d",
							"type": "text",
							"disabled": true
						},
						{
							"key": "description",
							"value": "d",
							"type": "text",
							"disabled": true
						},
						{
							"key": "isActive",
							"value": "0",
							"type": "text",
							"disabled": true
						}
					],
					"options": {
						"raw": {
							"language": "json"
						}
					}
				},
				"url": {
					"raw": "http://localhost:4500/getbussiness-by-user-id?user_id=5f4c88d7a4138660e98e1815",
					"protocol": "http",
					"host": [
						"localhost"
					],
					"port": "4500",
					"path": [
						"getbussiness-by-user-id"
					],
					"query": [
						{
							"key": "user_id",
							"value": "5f4c88d7a4138660e98e1815"
						}
					]
				}
			},
			"response": []
		},
		{
			"name": "6 Get All Seller with Bussines info",
			"request": {
				"method": "POST",
				"header": [
					{
						"key": "Authorization",
						"value": "Bearer eyJhbGciOiJIUzI1NiIsInR5cCI6IkpXVCJ9.eyJ1c2VybmFtZSI6ImFhYWEiLCJpYXQiOjE2MDczMzgwMTV9.i4DAfymZ_YQtHDOJsAeGwHxHT6IxzHzQtfkidDHNp6I",
						"type": "text"
					}
				],
				"body": {
					"mode": "raw",
					"raw": "{\r\n    \"limit\": 10,\r\n    \"pageno\": 8\r\n}",
					"options": {
						"raw": {
							"language": "json"
						}
					}
				},
				"url": {
					"raw": "http://localhost:8080/getAll-seller-bussiness-info",
					"protocol": "http",
					"host": [
						"localhost"
					],
					"port": "8080",
					"path": [
						"getAll-seller-bussiness-info"
					]
				}
			},
			"response": []
		},
		{
			"name": "7 Create Product Review",
			"request": {
				"method": "POST",
				"header": [
					{
						"key": "Authorization",
						"value": "Bearer eyJhbGciOiJIUzI1NiIsInR5cCI6IkpXVCJ9.eyJ1c2VybmFtZSI6ImFhYWEiLCJpYXQiOjE2MDczMzgwMTV9.i4DAfymZ_YQtHDOJsAeGwHxHT6IxzHzQtfkidDHNp6I",
						"type": "text"
					}
				],
				"body": {
					"mode": "raw",
					"raw": "{\r\n    \"product_id\": \"object(ID)\",\r\n    \"message\": \"message\",\r\n    \"rating\": 3\r\n}",
					"options": {
						"raw": {
							"language": "json"
						}
					}
				},
				"url": {
					"raw": "http://localhost:8080/review/product",
					"protocol": "http",
					"host": [
						"localhost"
					],
					"port": "8080",
					"path": [
						"review",
						"product"
					]
				}
			},
			"response": []
		}
	],
	"protocolProfileBehavior": {}
}